ridge_rank,representative_id,job_title,hr_class,H,W,G,prediction_raw,prediction_display,absolute_target_error,review_band
1,3,Aspiring Human Resources Professional,direct,1.0,0.9555259129895752,0.9777629564947876,0.982369562194203,0.982369562194203,0.0046066056994154,Top 10% review band
2,99,Seeking Human Resources Position,direct,1.0,0.9583494933817124,0.9791747466908562,0.9797740343860927,0.9797740343860927,0.0005992876952364279,Top 10% review band
3,27,Aspiring Human Resources Management student seeking an internship,direct,1.0,0.9406391580979647,0.9703195790489824,0.9789153885722182,0.9789153885722182,0.008595809523235798,Top 10% review band
4,6,Aspiring Human Resources Specialist,direct,1.0,0.9622323985926047,0.9811161992963023,0.9757163720329524,0.9757163720329524,0.005399827263349977,Top 10% review band
5,94,Seeking Human  Resources Opportunities. Open to travel and relocation.,direct,1.0,0.93018848331531,0.965094241657655,0.9748897422201132,0.9748897422201132,0.009795500562458148,Top 20% review band
6,28,Seeking Human Resources Opportunities,direct,1.0,0.9703012885992295,0.9851506442996147,0.9746767108413608,0.9746767108413608,0.010473933458253981,Top 20% review band
7,74,Human Resources Professional,direct,1.0,0.9562646537752031,0.9781323268876015,0.9715424683849538,0.9715424683849538,0.006589858502647705,Top 20% review band
8,71,"Human Resources Generalist at ScottMadden, Inc.",direct,1.0,0.9170625227095749,0.9585312613547874,0.9688959822938629,0.9688959822938629,0.010364720939075478,Top 50% review band
9,73,"Aspiring Human Resources Manager, seeking internship in Human Resources.",direct,1.0,0.9648396165515191,0.9824198082757596,0.964692824764903,0.964692824764903,0.017726983510856553,Top 50% review band
10,10,Seeking Human Resources HRIS and Generalist Positions,direct,1.0,0.9361426702823386,0.9680713351411693,0.9646259279750405,0.9646259279750405,0.0034454071661287333,Top 50% review band
11,88,Human Resources Management Major,direct,1.0,0.9279453615804114,0.9639726807902057,0.9646023382686234,0.9646023382686234,0.0006296574784177,Top 50% review band
12,78,Human Resources Generalist at Schwan's,direct,1.0,0.9154420191129656,0.9577210095564828,0.9628421861092545,0.9628421861092545,0.005121176552771778,Top 50% review band
13,82,Aspiring Human Resources Professional | An energetic and Team-Focused Leader,direct,1.0,0.924709643801116,0.962354821900558,0.9618147557318621,0.9618147557318621,0.0005400661686958408,Top 50% review band
14,66,Experienced Retail Manager and aspiring Human Resources Professional,direct,1.0,0.914425010883396,0.957212505441698,0.9614799697562573,0.9614799697562573,0.004267464314559266,Top 50% review band
15,101,Human Resources Generalist at Loparex,direct,1.0,0.9390937163521249,0.9695468581760625,0.9611250013279877,0.9611250013279877,0.008421856848074727,Top 50% review band
16,79,Liberal Arts Major. Aspiring Human Resources Analyst.,direct,1.0,0.9083026091389901,0.954151304569495,0.9598748743701186,0.9598748743701186,0.005723569800623607,Top 50% review band
17,72,Business Management Major and Aspiring Human Resources Manager,direct,1.0,0.920204629699913,0.9601023148499566,0.9590826606262354,0.9590826606262354,0.0010196542237211892,Top 50% review band
18,89,Director Human Resources  at EY,direct,1.0,0.915172183695573,0.9575860918477865,0.9584318672987205,0.9584318672987205,0.0008457754509340054,Below 50% review band
19,76,Aspiring Human Resources Professional | Passionate about helping to create an inclusive and engaging work environment,direct,1.0,0.9220750438179249,0.9610375219089624,0.9582847878146883,0.9582847878146883,0.002752734094274123,Below 50% review band
20,67,"Human Resources, Staffing and Recruiting Professional",direct,1.0,0.9207559993677541,0.960377999683877,0.952988106059844,0.952988106059844,0.007389893624033084,Below 50% review band
21,68,Human Resources Specialist at Luxottica,direct,1.0,0.9057661808611182,0.9528830904305591,0.9529755506549376,0.9529755506549376,9.246022437847667e-05,Below 50% review band
22,77,"Human Resources|
Conflict Management|
Policies & Procedures|Talent Management|Benefits & Compensation",direct,1.0,0.9017417158236738,0.9508708579118369,0.9511368417147039,0.9511368417147039,0.0002659838028670203,Below 50% review band
23,84,Human Resources professional for the world leader in GIS software,direct,1.0,0.9074062527060363,0.9537031263530181,0.9468073868197083,0.9468073868197083,0.006895739533309797,Below 50% review band
24,7,Student at Humber College and Aspiring Human Resources Generalist,direct,1.0,0.9157247865678001,0.9578623932839001,0.9443769229739432,0.9443769229739432,0.013485470309956948,Below 50% review band
25,81,Senior Human Resources Business Partner at Heil Environmental,direct,1.0,0.9121087260449947,0.9560543630224974,0.9423246976444527,0.9423246976444527,0.013729665378044653,Below 50% review band
26,70,"Retired Army National Guard Recruiter, office manager,  seeking a position in Human Resources.",direct,1.0,0.8609453640333005,0.9304726820166502,0.9399762925975321,0.9399762925975321,0.009503610580881894,Below 50% review band
27,100,Aspiring Human Resources Manager | Graduating May 2020 | Seeking an Entry-Level Human Resources Position in St. Louis,direct,1.0,0.918610602232356,0.9593053011161781,0.9390870418568019,0.9390870418568019,0.020218259259376148,Below 50% review band
28,1,2019 C.T. Bauer College of Business Graduate (Magna Cum Laude) and aspiring Human Resources professional,direct,1.0,0.8425282206776177,0.9212641103388088,0.9314780650485616,0.9314780650485616,0.010213954709752726,Below 50% review band
29,12,"SVP, CHRO, Marketing & Communications, CSR Officer | ENGIE | Houston | The Woodlands | Energy | GPHR | SPHR",direct,1.0,0.8430235240382953,0.9215117620191476,0.921647710401764,0.921647710401764,0.00013594838261632436,Below 50% review band
30,69,"Director of Human Resources North America, Groupe Beneteau",direct,1.0,0.8372935039193096,0.9186467519596548,0.9195405278097369,0.9195405278097369,0.0008937758500821014,Below 50% review band
31,13,Human Resources Coordinator at InterContinental Buckhead Atlanta,direct,1.0,0.8270269905436054,0.9135134952718027,0.916979470689046,0.916979470689046,0.00346597541724325,Below 50% review band
32,8,HR Senior Specialist,direct,1.0,0.775182369217353,0.8875911846086765,0.8931282379532475,0.8931282379532475,0.005537053344570997,Below 50% review band
33,83,HR Manager at Endemol Shine North America,direct,1.0,0.7695976867346073,0.8847988433673036,0.8892059662434728,0.8892059662434728,0.004407122876169178,Below 50% review band
34,4,People Development Coordinator at Ryan,adjacent,0.5,0.8208241743704633,0.6604120871852317,0.6934359833206667,0.6934359833206667,0.033023896135434994,Below 50% review band
